condition,method,specimen,chamfer_l1_mm,hd95_mm,fscore_1mm,normal_consistency,precision_1mm,coverage_1mm
clean:0,raw,specimen01,1.0519366489694075,8.482858599848928,0.8387656523335959,0.8284269262632207,0.7673039704228138,0.9305458883427716
clean:0,raw,specimen02,1.3021700651053447,13.681414646765601,0.8156018119630479,0.8463907918053409,0.7293617164894842,0.9259713969144435
clean:0,raw,specimen03,1.7037239184722288,16.600573592991463,0.6837471601569053,0.8164616265510573,0.5837950522164265,0.8338246390480007
clean:0,raw,specimen04,3.100740269855192,20.717118018550405,0.7186043943487185,0.82170234121179,0.6438663570948265,0.8389860339854786
clean:0,raw,specimen05,2.525832080377388,20.63869190157548,0.6575751022814725,0.8483254024730046,0.557238101331285,0.8071532781308978
clean:0,raw,specimen06,2.1899471528433234,25.103054581322436,0.7675549773588406,0.8004734378492829,0.6543926574924255,0.9328616646106557
clean:0,raw,specimen07,1.6747558069957063,19.928234268039134,0.7936099886023871,0.8544994419742897,0.7007748611067931,0.922876652466872
clean:0,raw,specimen08,1.5840575523369662,9.872031287708081,0.7855791135827519,0.8287896665778965,0.6824717817229828,0.9272022902272843
clean:0,raw,specimen09,1.7914359149216859,14.64797153613037,0.73963408157086,0.8324132300296113,0.6385395638541752,0.8789696760220392
clean:0,raw,specimen10,2.158195302695478,14.933566065165467,0.5321453342284622,0.8336007879308358,0.48355588022094675,0.5963241430610705
clean:0,raw,specimen11,2.989809352437018,32.51734294885429,0.5319095264424564,0.8456439113149375,0.4681155680431511,0.6163521601225773
clean:0,raw,specimen12,2.061835952123799,14.296684184392523,0.6785302430014624,0.8434539311794688,0.5775400688202935,0.8309551046567192
clean:0,raw,specimen13,2.9599001763102457,17.914154696416272,0.5516970969800329,0.7976666275670734,0.45247237128761,0.7075926594669916
clean:0,raw,specimen14,1.7670450402893918,13.531040642442905,0.7903796478288224,0.8069426013193638,0.6906868122967441,0.934497278182486
clean:0,cross_sweep_nearest,specimen01,0.8345122638908657,6.204235040693612,0.8515228611624472,0.8705007732491016,0.8203780638519699,0.8899808731100743
clean:0,cross_sweep_nearest,specimen02,0.9355427407633613,4.08556934915044,0.8353344120483688,0.8802953040047607,0.7865150022183008,0.891375843709354
clean:0,cross_sweep_nearest,specimen03,1.339046081029409,12.184888241294844,0.6947796895880671,0.8473956628254765,0.6245892856071732,0.7892992471140255
clean:0,cross_sweep_nearest,specimen04,2.519659157412269,11.77397269152947,0.7441491514397374,0.851867347433358,0.6958588134730096,0.8206480064800057
clean:0,cross_sweep_nearest,specimen05,2.235492608326188,19.42357019813505,0.6717993608414954,0.8788121576844499,0.6018320500105626,0.7654529455788855
clean:0,cross_sweep_nearest,specimen06,1.8332048908981544,14.608165841370328,0.7999355038096997,0.8360126078253168,0.7165760658003338,0.9096119993114118
clean:0,cross_sweep_nearest,specimen07,1.2916596081407463,9.5227988816879,0.8226388843409311,0.8878928483099654,0.764949227487555,0.8961189255638127
clean:0,cross_sweep_nearest,specimen08,1.2689679957781632,7.780251259254534,0.8093900861981496,0.8653555676092579,0.7378652995587567,0.8975364569667731
clean:0,cross_sweep_nearest,specimen09,1.723757400157606,12.804176735497641,0.7582944006553226,0.8686965662343553,0.6862215622126455,0.8474772424441093
clean:0,cross_sweep_nearest,specimen10,1.9817328196775421,13.73255328219465,0.5263475537498218,0.8555305942714377,0.5070993902364935,0.5513017023462546
clean:0,cross_sweep_nearest,specimen11,2.7478708555327884,26.161094116457036,0.5180061984578428,0.8699237921616018,0.483488835948015,0.5584242611804358
clean:0,cross_sweep_nearest,specimen12,1.8564485682588645,14.56831833769939,0.6951872217158476,0.8668941845174607,0.6212688134460771,0.7977650251895515
clean:0,cross_sweep_nearest,specimen13,2.9524165325889657,16.34452580698421,0.5615912761473727,0.8226707998459138,0.4833045865177324,0.6712092627255254
clean:0,cross_sweep_nearest,specimen14,1.576986834657298,12.563191478038467,0.8036361987808762,0.8314175468020469,0.7340177048810471,0.8970024554706638
clean:0,pfad,specimen01,0.7178933894566434,2.4703286438343457,0.8495738865383059,0.8659132896133475,0.8133661902960818,0.8930054507445103
clean:0,pfad,specimen02,0.6734349934220742,1.948101604804041,0.8476283073137441,0.8933804573198943,0.7956186247195349,0.9080032700183919
clean:0,pfad,specimen03,1.0543795964950908,6.040327547418855,0.7067585522681643,0.8556773584724886,0.6345748429445682,0.8024450798887933
clean:0,pfad,specimen04,2.386873951010733,11.497877532647843,0.7461245150042181,0.8588010333494934,0.6960334171220303,0.8243273998776856
clean:0,pfad,specimen05,1.6858810804495885,15.548062421834503,0.6868613136080023,0.8874870001476073,0.6171440973839504,0.7789554698685697
clean:0,pfad,specimen06,1.3396302315657895,12.02941756830655,0.8144742363074334,0.8483080154973867,0.7313719211465716,0.9230920753736159
clean:0,pfad,specimen07,0.8071946056980502,2.6761949437676513,0.8400039868421074,0.9015880573719265,0.7838554073508653,0.9106875291404227
clean:0,pfad,specimen08,1.1050600805239477,7.755037820836272,0.8070061809239651,0.8767501183003037,0.7343163989629011,0.8965872913924957
clean:0,pfad,specimen09,1.048421039159977,7.766914912517653,0.7710254836220846,0.8778324699577373,0.700814468496825,0.8569981450127507
clean:0,pfad,specimen10,1.4852291892350145,9.39439776288532,0.5461612861167938,0.8691988410573165,0.5266590117578288,0.5704965675615843
clean:0,pfad,specimen11,2.109654575703655,20.70479314464854,0.5361821983001623,0.8818951375187066,0.5004502660141973,0.5779853992717384
clean:0,pfad,specimen12,1.492526072036344,10.98072055853657,0.7065973900878953,0.88233351933345,0.6312793149469672,0.8088751230909003
clean:0,pfad,specimen13,2.4015093410859287,12.74954665332242,0.580671827102272,0.8386314578309954,0.5034777848664608,0.6867989372221248
clean:0,pfad,specimen14,1.1477133222199603,9.95227159674802,0.8202419079173641,0.8460090181382043,0.7505318986292013,0.9144180440400609
clean:0,set_transformer,specimen01,0.7378860966973874,2.6296426587485224,0.8520261273547899,0.8679759721612507,0.8173353518889753,0.8938836210077777
clean:0,set_transformer,specimen02,0.6487241443763366,1.9013883829896614,0.849084259385366,0.8956921216508836,0.7980986654725997,0.9081842497389817
clean:0,set_transformer,specimen03,1.0531795297124142,6.015417337339713,0.704438977031919,0.8555489368239612,0.6339600807514781,0.7979491875073741
clean:0,set_transformer,specimen04,2.405065950209836,11.536650419252425,0.7453506801644924,0.8587429412111773,0.6953277890845961,0.8232745031017483
clean:0,set_transformer,specimen05,1.6457451842817037,15.366573478682547,0.686601129389801,0.8911661568982369,0.6163287042099848,0.7793445459981011
clean:0,set_transformer,specimen06,1.3023526380968895,8.729040873335467,0.8182160100255905,0.8495211737486272,0.7351527765898737,0.92662489676465
clean:0,set_transformer,specimen07,0.8140975165373865,3.000947719687606,0.8404401215048592,0.9023857422789975,0.7850986773129837,0.9102434763127981
clean:0,set_transformer,specimen08,1.1410777186838,8.133650000346096,0.8048554078269744,0.8733009926806338,0.7331213897492509,0.8931502501842553
clean:0,set_transformer,specimen09,1.0396476576562088,7.542148367928607,0.7701080533109533,0.8783674415385319,0.6999702775032657,0.8560135310670569
clean:0,set_transformer,specimen10,1.518537051051105,9.608441127188003,0.5446089699029703,0.8696080007492263,0.5266267557758227,0.567489352416021
clean:0,set_transformer,specimen11,2.1180749302207533,20.800087783647378,0.5374682229529548,0.8834318709694912,0.502289030416736,0.5784936849349852
clean:0,set_transformer,specimen12,1.5512179149781156,12.039121062883138,0.7042034587942195,0.8811134633228281,0.6290521002690442,0.8063230087269444
clean:0,set_transformer,specimen13,2.340083479992781,12.427817372503403,0.5837665729101772,0.8376694973677924,0.5068770581265464,0.6892118759822411
clean:0,set_transformer,specimen14,1.1708999880013942,10.15498190311879,0.8164718408048915,0.8462620555024561,0.7472329705931617,0.9098401494787295
sweeps:0.75,raw,specimen01,1.0692692016529428,8.570496452701015,0.8367571765127919,0.8366093030462342,0.7697134686726956,0.9211768929928282
sweeps:0.75,raw,specimen02,1.32784538361847,14.188185116270228,0.812189921782974,0.8539372091689192,0.7299187453804857,0.9165388224349352
sweeps:0.75,raw,specimen03,1.7281957689281582,16.740684453149257,0.6790475418406482,0.8235503487388235,0.5824881416796376,0.8204053974859759
sweeps:0.75,raw,specimen04,3.1880250087667226,21.43912524483808,0.7087927023402881,0.825392868539248,0.6398858579041842,0.8206142729808023
sweeps:0.75,raw,specimen05,2.525832080377388,20.63869190157548,0.6575751022814725,0.8483254024730046,0.557238101331285,0.8071532781308979
sweeps:0.75,raw,specimen06,2.189947152843324,25.103054581322436,0.7675549773588406,0.8004734378492829,0.6543926574924255,0.9328616646106557
sweeps:0.75,raw,specimen07,1.6747558069957067,19.928234268039134,0.7936099886023871,0.8544994419742898,0.7007748611067931,0.922876652466872
sweeps:0.75,raw,specimen08,1.5840575523369662,9.872031287708081,0.7855791135827518,0.8287896665778964,0.6824717817229828,0.9272022902272843
sweeps:0.75,raw,specimen09,1.791435914921686,14.64797153613037,0.73963408157086,0.8324132300296113,0.6385395638541752,0.878969676022039
sweeps:0.75,raw,specimen10,2.158195302695478,14.933566065165467,0.5321453342284622,0.8336007879308358,0.48355588022094675,0.5963241430610705
sweeps:0.75,raw,specimen11,2.9898093524370175,32.51734294885429,0.5319095264424564,0.8456439113149375,0.4681155680431511,0.6163521601225773
sweeps:0.75,raw,specimen12,2.061835952123799,14.296684184392525,0.6785302430014624,0.8434539311794685,0.5775400688202935,0.8309551046567193
sweeps:0.75,raw,specimen13,2.9258791911536015,17.6011202490203,0.5474854869040531,0.7998873060558153,0.4567687436795234,0.6877215817407117
sweeps:0.75,raw,specimen14,1.7765067149301739,13.487143408187181,0.7874638537448179,0.8145183585179295,0.6961545707959237,0.9135636724183094
sweeps:0.75,cross_sweep_nearest,specimen01,0.8655505692773104,6.4442475685772935,0.8459349586881703,0.8775990148549476,0.8196682987463887,0.8780404547905057
sweeps:0.75,cross_sweep_nearest,specimen02,0.9303778960443747,4.488224178416931,0.8321603020325199,0.8858606989321697,0.78816316113131,0.8822947195878638
sweeps:0.75,cross_sweep_nearest,specimen03,1.2761128940681257,7.711418515458543,0.6941881333944999,0.8566506642355979,0.6273049962110507,0.7815288373777597
sweeps:0.75,cross_sweep_nearest,specimen04,2.58354581935594,12.592985882189323,0.7324608201925972,0.8541924983883824,0.6902069089631694,0.8017918031966268
sweeps:0.75,cross_sweep_nearest,specimen05,2.235492608326188,19.42357019813505,0.6717993608414954,0.8788121576844499,0.6018320500105626,0.7654529455788855
sweeps:0.75,cross_sweep_nearest,specimen06,1.8332048908981544,14.608165841370328,0.7999355038096997,0.836012607825317,0.7165760658003338,0.9096119993114118
sweeps:0.75,cross_sweep_nearest,specimen07,1.291659608140746,9.5227988816879,0.8226388843409311,0.8878928483099654,0.764949227487555,0.8961189255638128
sweeps:0.75,cross_sweep_nearest,specimen08,1.2689679957781632,7.780251259254534,0.8093900861981496,0.8653555676092579,0.7378652995587567,0.8975364569667731
sweeps:0.75,cross_sweep_nearest,specimen09,1.723757400157606,12.804176735497641,0.7582944006553226,0.8686965662343553,0.6862215622126454,0.8474772424441093
sweeps:0.75,cross_sweep_nearest,specimen10,1.9817328196775421,13.73255328219465,0.5263475537498218,0.8555305942714377,0.5070993902364935,0.5513017023462546
sweeps:0.75,cross_sweep_nearest,specimen11,2.7478708555327884,26.161094116457036,0.5180061984578428,0.8699237921616017,0.483488835948015,0.5584242611804359
sweeps:0.75,cross_sweep_nearest,specimen12,1.8564485682588643,14.56831833769939,0.6951872217158473,0.8668941845174607,0.621268813446077,0.7977650251895515
sweeps:0.75,cross_sweep_nearest,specimen13,2.9623640808982645,16.33386452814085,0.5574103639418653,0.8244463013683113,0.4895662064539,0.651711100667031
sweeps:0.75,cross_sweep_nearest,specimen14,1.5072239996672712,12.787716925283542,0.801598523188589,0.8413707580251781,0.7420253633735395,0.8773184402171941
sweeps:0.75,pfad,specimen01,0.7302605826166008,2.789494335420825,0.8477662542221763,0.874180386265841,0.815847774717129,0.8854028374929306
sweeps:0.75,pfad,specimen02,0.7049038837736242,2.0066837037894185,0.8409256689491795,0.8990094622164301,0.7922033010206438,0.8974740903684717
sweeps:0.75,pfad,specimen03,1.0728099244314897,6.069905409098719,0.7018587116164516,0.8625429904757684,0.6329435300770233,0.7911291267725297
sweeps:0.75,pfad,specimen04,2.440142611979094,11.530884776483049,0.734249129141631,0.8605178374001271,0.6907359610067041,0.8047103372506976
sweeps:0.75,pfad,specimen05,1.6858810804495885,15.548062421834503,0.6868613136080023,0.8874870001476073,0.6171440973839504,0.7789554698685697
sweeps:0.75,pfad,specimen06,1.3396302315657895,12.02941756830655,0.8144742363074334,0.8483080154973867,0.7313719211465716,0.9230920753736159
sweeps:0.75,pfad,specimen07,0.8071946056980502,2.6761949437676513,0.8400039868421074,0.9015880573719265,0.7838554073508653,0.9106875291404225
sweeps:0.75,pfad,specimen08,1.1050600805239479,7.755037820836272,0.8070061809239654,0.8767501183003037,0.7343163989629011,0.8965872913924956
sweeps:0.75,pfad,specimen09,1.048421039159977,7.766914912517653,0.7710254836220845,0.8778324699577372,0.700814468496825,0.8569981450127506
sweeps:0.75,pfad,specimen10,1.4852291892350145,9.39439776288532,0.5461612861167938,0.8691988410573165,0.5266590117578288,0.5704965675615843
sweeps:0.75,pfad,specimen11,2.109654575703655,20.70479314464854,0.5361821983001623,0.8818951375187066,0.5004502660141973,0.5779853992717383
sweeps:0.75,pfad,specimen12,1.492526072036344,10.980720558536573,0.7065973900878953,0.8823335193334497,0.6312793149469672,0.8088751230909003
sweeps:0.75,pfad,specimen13,2.2901386102672086,12.5248603033629,0.5788856181658183,0.837816128205266,0.5106670312050633,0.6725393524015684
sweeps:0.75,pfad,specimen14,1.1760763181924823,10.25269669675742,0.8165766829539617,0.8543907458789031,0.7583202400683886,0.8904378492901192
sweeps:0.75,set_transformer,specimen01,0.756556198757797,2.8808281081394136,0.8518399551317503,0.8772220809019827,0.8212023033372446,0.8881488361799664
sweeps:0.75,set_transformer,specimen02,0.6913351411000579,1.9705860371408022,0.8421534094275551,0.9006161999954148,0.7944035910342877,0.8974545244706592
sweeps:0.75,set_transformer,specimen03,1.0685366686019129,6.0435364157441605,0.6996985287268113,0.8625983168502754,0.6327022400500862,0.7863327646131447
sweeps:0.75,set_transformer,specimen04,2.4509887826809202,11.557291576856679,0.7329811662398841,0.8602600419874696,0.6890131846647644,0.8037714268932787
sweeps:0.75,set_transformer,specimen05,1.6457451842817037,15.366573478682547,0.686601129389801,0.8911661568982369,0.6163287042099848,0.7793445459981013
sweeps:0.75,set_transformer,specimen06,1.3023526380968895,8.729040873335467,0.8182160100255905,0.8495211737486272,0.7351527765898737,0.92662489676465
sweeps:0.75,set_transformer,specimen07,0.8140975165373865,3.000947719687606,0.8404401215048592,0.9023857422789975,0.7850986773129837,0.9102434763127981
sweeps:0.75,set_transformer,specimen08,1.1410777186838,8.133650000346096,0.8048554078269746,0.8733009926806337,0.7331213897492509,0.8931502501842553
sweeps:0.75,set_transformer,specimen09,1.0396476576562088,7.542148367928607,0.7701080533109533,0.8783674415385319,0.6999702775032658,0.8560135310670568
sweeps:0.75,set_transformer,specimen10,1.5185370510511047,9.608441127188003,0.5446089699029703,0.8696080007492263,0.5266267557758227,0.567489352416021
sweeps:0.75,set_transformer,specimen11,2.1180749302207533,20.800087783647378,0.5374682229529548,0.8834318709694912,0.502289030416736,0.5784936849349852
sweeps:0.75,set_transformer,specimen12,1.5512179149781156,12.039121062883135,0.7042034587942195,0.881113463322828,0.6290521002690442,0.8063230087269444
sweeps:0.75,set_transformer,specimen13,2.1847291638431865,12.512557651145508,0.580911345924139,0.8383228442748635,0.5127345458766494,0.6744905860491882
sweeps:0.75,set_transformer,specimen14,1.2054212360938632,10.783530525195346,0.8171191936135423,0.8542102502547332,0.7586845594293944,0.8910325020847303
sweeps:0.5,raw,specimen01,1.1134198219177855,8.597736912729541,0.8241199493843521,0.8599938727924062,0.7745472508833018,0.8854337157980283
sweeps:0.5,raw,specimen02,1.3674910670382163,13.114851665715454,0.7936486967964224,0.8746652407088212,0.7335929608929687,0.8666831480350231
sweeps:0.5,raw,specimen03,1.7245110473003802,16.225956758749515,0.6673766191152269,0.841576562265495,0.5877740497599944,0.7762369380714774
sweeps:0.5,raw,specimen04,3.168193977916181,19.542525841293415,0.6827406037443354,0.8388999759422497,0.6353288492913924,0.7535136233288392
sweeps:0.5,raw,specimen05,2.5673348843868737,20.59276310555803,0.6336230917708722,0.8648108137303211,0.5516105240392832,0.7523440118828936
sweeps:0.5,raw,specimen06,2.2859863878702114,25.06615045532482,0.7492073861042634,0.8300146060284229,0.6526458818896809,0.884714004995061
sweeps:0.5,raw,specimen07,1.772445339043032,16.419800310778516,0.7801102236611975,0.872093756134686,0.7043318129857039,0.8821942530228272
sweeps:0.5,raw,specimen08,1.6276766793489543,9.930911008841397,0.7747150673980766,0.8462603240777259,0.6892165333432443,0.8860205288388188
sweeps:0.5,raw,specimen09,1.8576579347358997,14.815671878253776,0.7233645680545385,0.844864013411776,0.6314572253077467,0.8474666720326854
sweeps:0.5,raw,specimen10,2.2238206339206914,14.990727640721389,0.5219723812208975,0.8424681947988405,0.48677504048949544,0.5687592940448267
sweeps:0.5,raw,specimen11,3.0289513421096506,29.080256286355635,0.5018061747386716,0.8528779549418758,0.47202700153009136,0.537964695780408
sweeps:0.5,raw,specimen12,2.0780013536104716,14.170573800188437,0.6570113843137144,0.8661143629728847,0.5872378706378957,0.7574953212730295
sweeps:0.5,raw,specimen13,3.09693073965346,17.47752381404429,0.5283074803791742,0.8156449903463973,0.45818859307864823,0.63559759142818
sweeps:0.5,raw,specimen14,1.7942062846241476,13.552125405036358,0.7682649892737076,0.8361224114471525,0.6961974231482859,0.8607766953873486
sweeps:0.5,cross_sweep_nearest,specimen01,1.08407593384592,8.217911492100582,0.819112575854266,0.8932580921680934,0.8147723769556056,0.8280407284834731
sweeps:0.5,cross_sweep_nearest,specimen02,1.055319996828017,6.069112573735886,0.8061834042178871,0.9067786971809401,0.7868320344744192,0.8282215140192206
sweeps:0.5,cross_sweep_nearest,specimen03,1.4675186652728627,11.780935721672982,0.6682013258857128,0.8711914849248096,0.6220162117635021,0.7247034918184911
sweeps:0.5,cross_sweep_nearest,specimen04,2.759898410597561,12.431482386477043,0.6954471025989005,0.8668635657840097,0.6789046858349023,0.7250101798880674
sweeps:0.5,cross_sweep_nearest,specimen05,2.3144255712778357,19.364307325323427,0.6441913157043485,0.8961800571831877,0.5973975821644775,0.7059282666721286
sweeps:0.5,cross_sweep_nearest,specimen06,1.9477077710597068,16.92847992449096,0.7785489909863089,0.863466658278846,0.7150356479505225,0.8585988850107197
sweeps:0.5,cross_sweep_nearest,specimen07,1.4780734517169145,12.142607986451223,0.8092059492822238,0.9081388309720806,0.7732414051917124,0.854367986361483
sweeps:0.5,cross_sweep_nearest,specimen08,1.3538815991103874,8.17667671994998,0.7926094609074976,0.8832386079022698,0.7432104815496609,0.8504385806254807
sweeps:0.5,cross_sweep_nearest,specimen09,1.7302393173561843,14.603097232297833,0.7412126158553299,0.8804169864685067,0.6810578384164624,0.8141453415996178
sweeps:0.5,cross_sweep_nearest,specimen10,2.1570275380191575,14.251980062016559,0.5153708538190812,0.8652202528807001,0.5109010376558657,0.5247170087006473
sweeps:0.5,cross_sweep_nearest,specimen11,2.979279265859919,25.207192332276765,0.4789629901176709,0.8735267025326746,0.4816915453453123,0.478754348441602
sweeps:0.5,cross_sweep_nearest,specimen12,2.029340035570431,18.253117597479157,0.67383294401586,0.8920839455272184,0.6425258750832511,0.7210787845922537
sweeps:0.5,cross_sweep_nearest,specimen13,3.1069929380105776,16.633195259757855,0.5424474460864421,0.8411012489528855,0.49791506762898585,0.6061045644602913
sweeps:0.5,cross_sweep_nearest,specimen14,1.6429940210274026,13.214370475654794,0.7789073047778539,0.8639916527498098,0.7423449840146957,0.8217358341139501
sweeps:0.5,pfad,specimen01,0.8094964952751109,4.20911749674248,0.8347290366406291,0.8976745751787769,0.8230677080064585,0.850635385206441
sweeps:0.5,pfad,specimen02,0.8216105356615636,2.336188464902758,0.811355458344757,0.9176247879665889,0.7903786184505801,0.8356222432477457
sweeps:0.5,pfad,specimen03,1.0961715499042193,5.992561013243332,0.6866619258194012,0.8850961953440256,0.6421129864267017,0.7402241818079108
sweeps:0.5,pfad,specimen04,2.5973203265946956,10.82962216348475,0.6969764003422491,0.8715570258397989,0.6801969077544308,0.7269898483182647
sweeps:0.5,pfad,specimen05,1.7179024919816808,14.366585608840644,0.6600186385348813,0.9060382245213181,0.6122541870234389,0.7224531557117659
sweeps:0.5,pfad,specimen06,1.4808864269225568,12.416786057336756,0.7934315251195453,0.8773563715831488,0.73002185666887,0.8730979786096297
sweeps:0.5,pfad,specimen07,0.9441838186481291,5.906148995252381,0.8276904586328757,0.922889832209354,0.7943334607950553,0.869062371126903
sweeps:0.5,pfad,specimen08,1.16827759222659,7.803962683398037,0.7945202908418816,0.8951619201804714,0.746993035884791,0.8498902310011115
sweeps:0.5,pfad,specimen09,1.1099141467353806,7.975959598547025,0.7540228520557178,0.890786839294707,0.6949866939860434,0.8247274989988501
sweeps:0.5,pfad,specimen10,1.5805414930313617,9.893430933038005,0.5345823405325215,0.8790166609376028,0.5295001251391332,0.5438161094097799
sweeps:0.5,pfad,specimen11,2.439960920116207,19.390952284457843,0.488875971446431,0.8851292754426612,0.4925043594838073,0.4883726764719885
sweeps:0.5,pfad,specimen12,1.570547595654871,12.87649731797822,0.6910340601568615,0.9080560696009797,0.6588462063220333,0.7370285723625108
sweeps:0.5,pfad,specimen13,2.3918664615252387,12.976835408634164,0.5582314790436937,0.8543377236922143,0.5147591224528645,0.6206976409259934
sweeps:0.5,pfad,specimen14,1.2045590015982603,9.811586809932592,0.8008384396721472,0.8835843224689901,0.7679187293133033,0.8391177986432016
sweeps:0.5,set_transformer,specimen01,0.8272179360332315,3.8668129337949106,0.8365990243591287,0.8992706112412252,0.8256907168486131,0.8515734908347437
sweeps:0.5,set_transformer,specimen02,0.8143990848208311,2.2729712471541137,0.8134393650683879,0.9181720720609906,0.7918439917104845,0.8386018276988798
sweeps:0.5,set_transformer,specimen03,1.0963184446136025,5.739681082475308,0.6848794034767876,0.8849561998075136,0.6402185959771045,0.7384119891768406
sweeps:0.5,set_transformer,specimen04,2.6760286919634733,10.9103112715986,0.6928366368596701,0.8707342521156266,0.675360266992323,0.7238806062003147
sweeps:0.5,set_transformer,specimen05,1.7147426117119104,14.132503291333357,0.6581370403678601,0.9077416346978616,0.6105294836994007,0.7204367704009546
sweeps:0.5,set_transformer,specimen06,1.4277022944163307,10.125698257140415,0.7965324404202363,0.877932205747689,0.7339031006584699,0.8751074332797851
sweeps:0.5,set_transformer,specimen07,1.0001254845537177,6.193227847897131,0.8258958392031377,0.9223831661917763,0.7928971254936528,0.8670295668844833
sweeps:0.5,set_transformer,specimen08,1.2089686701155793,8.433466383808211,0.7938415269631606,0.893600064558049,0.745290880929386,0.8504224540281089
sweeps:0.5,set_transformer,specimen09,1.0964016275332795,7.658330186801558,0.7545694913388825,0.8893459533329056,0.6952771874275755,0.825586825549114
sweeps:0.5,set_transformer,specimen10,1.5715416361005825,9.92839838652486,0.5345617516779861,0.8804911362401749,0.5312414716141304,0.5422602005695634
sweeps:0.5,set_transformer,specimen11,2.385046825226858,18.066112171945917,0.4960531528092167,0.8886980281207332,0.49932851031229236,0.4957381197631818
sweeps:0.5,set_transformer,specimen12,1.6284205376850647,13.099490080665964,0.6884638027652477,0.9045056993413483,0.6536618173153955,0.7371168785051276
sweeps:0.5,set_transformer,specimen13,2.357882304820969,13.164433565586478,0.5572455630712364,0.8553884264456423,0.5139341098139605,0.6194899440013945
sweeps:0.5,set_transformer,specimen14,1.2201913720013493,10.177864176749713,0.7998515377520463,0.8823641280254625,0.7655776984928505,0.8396571443305786
frames:2,raw,specimen01,1.108260188448319,8.488532627570041,0.8246027050563721,0.869020071536807,0.7673158828594088,0.8978810718432131
frames:2,raw,specimen02,1.3657141157736048,13.68984057805539,0.8003780675349305,0.8874054784611664,0.7293595977180972,0.8876891001621816
frames:2,raw,specimen03,1.7649560033386413,16.599219842651213,0.6660329118705907,0.8560811713077557,0.5837904868815891,0.7829790757378338
frames:2,raw,specimen04,3.1821172817928542,20.73551529266336,0.7015656789074477,0.8470574331655053,0.6438721733971934,0.7846489432446702
frames:2,raw,specimen05,2.5870956798521783,20.616173656235727,0.6357775683500376,0.8776548916503218,0.5572438642971936,0.7465889343970736
frames:2,raw,specimen06,2.2606434304138494,25.07237654478446,0.7520180411313193,0.8427110850023697,0.6543911529580799,0.8883042508421829
frames:2,raw,specimen07,1.7530031415992733,19.883426128980123,0.7717627289109327,0.8865190195838325,0.7007757890832993,0.8674849679430597
frames:2,raw,specimen08,1.6433216308234755,9.870392561022031,0.7696212029272947,0.8659926261335547,0.6824740654057182,0.8835852036323043
frames:2,raw,specimen09,1.8592894637214632,14.644878406926152,0.7223787578003451,0.8651240339596953,0.6385363715687956,0.8319313099054787
frames:2,raw,specimen10,2.241226881357002,14.996533350508164,0.4980339638347911,0.852835652910923,0.48355654859543634,0.5201728921338443
frames:2,raw,specimen11,3.0734687757338186,32.49394234406788,0.4923323776260993,0.857416385941247,0.46813096382770475,0.5215674122977808
frames:2,raw,specimen12,2.149018151617704,14.310658304369873,0.6463400989381075,0.866762447176917,0.5775544953325898,0.7447881032664085
frames:2,raw,specimen13,3.1249077545270576,17.92189566702576,0.5287334092147956,0.8281843956596256,0.4524761355794147,0.6391035338418636
frames:2,raw,specimen14,1.8315360619525807,13.517938213531162,0.7742125673119215,0.8429782699812067,0.6906905908654113,0.8894200848324925
frames:2,cross_sweep_nearest,specimen01,0.8825644535639533,6.1802918591394915,0.8401417832735367,0.9055609718767336,0.8242601935682942,0.8628695174925766
frames:2,cross_sweep_nearest,specimen02,0.9983568884643971,4.115733485902422,0.8214387641213801,0.9149310000278849,0.7875397765583557,0.8592278884173418
frames:2,cross_sweep_nearest,specimen03,1.4025944977596059,12.23954975477597,0.6781459065596529,0.8832159692534773,0.6262895237107938,0.7449326506070992
frames:2,cross_sweep_nearest,specimen04,2.6179572565377787,11.877182786680036,0.7234121931336036,0.8709448028687813,0.6945953819794249,0.7658860289545579
frames:2,cross_sweep_nearest,specimen05,2.313805875880016,19.511792641247208,0.6480449713873762,0.9026292318327758,0.6021890986943276,0.7077625779959743
frames:2,cross_sweep_nearest,specimen06,1.9268609909023613,17.600209185182226,0.782337979753834,0.8718063245680838,0.7156236689057285,0.8666706783355781
frames:2,cross_sweep_nearest,specimen07,1.3670599603310032,9.76289795519261,0.8002105599645181,0.9185139702803394,0.7656081324871923,0.8448111225285514
frames:2,cross_sweep_nearest,specimen08,1.3302999423326816,7.961571613160712,0.7903905898475033,0.8971145336716039,0.7369903607001355,0.853241655365859
frames:2,cross_sweep_nearest,specimen09,1.8086205747859498,13.626064335240729,0.7382406634779667,0.8943492747707674,0.6860864003542324,0.7994367159152705
frames:2,cross_sweep_nearest,specimen10,2.053382250335387,14.135847934849005,0.49304142116725785,0.8719482596918259,0.5070428934883547,0.4862042555745471
frames:2,cross_sweep_nearest,specimen11,2.8523967399273054,26.416830150479274,0.47837152620695234,0.8800147774925206,0.4831201934952621,0.47617582548638393
frames:2,cross_sweep_nearest,specimen12,1.9841350943915679,14.970292875378801,0.6616685511512626,0.8895647656552575,0.6216924369370834,0.7172828192977336
frames:2,cross_sweep_nearest,specimen13,3.059787524550989,16.42016407268721,0.5376148293214168,0.8484312752229831,0.48267510181994483,0.6089829345901083
frames:2,cross_sweep_nearest,specimen14,1.6473036690312843,12.785149491530424,0.7870081094278186,0.8662636848547521,0.7345321267432171,0.8541958541538909
frames:2,pfad,specimen01,0.7574951106071838,2.4609188014091674,0.8393149047213262,0.9007697843915908,0.8188197226885383,0.8658933979353037
frames:2,pfad,specimen02,0.7383260952821512,1.9488310619973355,0.8303005170117119,0.9271219731645882,0.7948884931687115,0.8702884548935073
frames:2,pfad,specimen03,1.1084962749664058,6.055272185979846,0.6883025743888512,0.8946705397248061,0.635569028423559,0.7548554299469205
frames:2,pfad,specimen04,2.4910073746756956,11.557900662137326,0.7253942654689046,0.8804393899029975,0.6948262551362463,0.7695022783981565
frames:2,pfad,specimen05,1.7302737066382408,15.55090000975467,0.6631188456862825,0.9116538622112728,0.6183019338627017,0.7208664315811601
frames:2,pfad,specimen06,1.3924855638146323,10.130010811617097,0.8001774951372483,0.8867791649973781,0.7347295077326578,0.8820713743036168
frames:2,pfad,specimen07,0.8904464456137845,2.663319318302858,0.8182561189194778,0.9326173834600002,0.7861771879856233,0.859223695639313
frames:2,pfad,specimen08,1.157665948116337,7.762140771708965,0.7865906900826888,0.9058107843877846,0.7347280306657705,0.8472736344276651
frames:2,pfad,specimen09,1.1304087588037066,7.93797950656631,0.7516099177196973,0.9057723043301452,0.6998239303388288,0.8119173279447173
frames:2,pfad,specimen10,1.5790096414151324,9.398940255116734,0.5078624520244387,0.8841698213972936,0.5234164032278756,0.49887716594118964
frames:2,pfad,specimen11,2.200791172929429,20.65382207760668,0.49448803698907245,0.890044840263957,0.5008259556972431,0.49076291013744555
frames:2,pfad,specimen12,1.5870745022683106,11.27787274901957,0.6676526618108749,0.9024343348498235,0.6272169509701059,0.7220301229286795
frames:2,pfad,specimen13,2.4846840492164697,12.672968125560553,0.5557778041740934,0.8653729082397725,0.5028758986535556,0.6238347270511292
frames:2,pfad,specimen14,1.2070935946649468,9.928118909489724,0.8021520775906087,0.88156161368078,0.7518135931143647,0.866847440374997
frames:2,set_transformer,specimen01,0.800898671799145,2.711527449147011,0.8410218220060344,0.9038228435929464,0.8221041569060888,0.866214964717322
frames:2,set_transformer,specimen02,0.7080061981471683,1.9115672478489423,0.8316058692397638,0.9282707049244948,0.7968578704404222,0.8708665806418813
frames:2,set_transformer,specimen03,1.1092987880029048,6.04146339487409,0.6874207213633635,0.8937467069549833,0.6351552815482469,0.7534104872155455
frames:2,set_transformer,specimen04,2.4899098611305575,11.543707229169577,0.7253316641303469,0.8815885034146357,0.6950014093857542,0.7691099237437026
frames:2,set_transformer,specimen05,1.6955435990982994,15.21858959494538,0.6627249889562924,0.9147190806510718,0.6171236536023007,0.7211963706759995
frames:2,set_transformer,specimen06,1.3764698688839252,8.772088050583399,0.8010257135039819,0.8872898934539526,0.7358869582151076,0.8824818820377248
frames:2,set_transformer,specimen07,0.8982322375571695,3.140297429421334,0.8180438746230659,0.9329602186392575,0.7866808134216955,0.8585413909041376
frames:2,set_transformer,specimen08,1.19737221258075,8.104591086830927,0.786128298474058,0.9042273452155495,0.734360101236851,0.8466863204117212
frames:2,set_transformer,specimen09,1.1201198896340465,7.819435621231733,0.7520663637878955,0.9053442431648552,0.7000874572206275,0.8126343428205925
frames:2,set_transformer,specimen10,1.6146394955109855,9.50901080532458,0.508532341420577,0.8841530966268017,0.5249784730204562,0.4988971476520923
frames:2,set_transformer,specimen11,2.2214737105599047,20.874674043372742,0.49417505799531564,0.890334503595653,0.5010371428779145,0.4898327012851406
frames:2,set_transformer,specimen12,1.6306467028039642,12.13032471723642,0.668375199392575,0.8995218351157567,0.6270108294889293,0.7237712393233053
frames:2,set_transformer,specimen13,2.4011647024259464,12.403344659259696,0.5602030114820228,0.863859892747166,0.5074219667558616,0.6280376369451356
frames:2,set_transformer,specimen14,1.2384120327042585,10.284617271681428,0.7979254596302235,0.8825916703592841,0.7478967545602316,0.8625299210278516
frames:4,raw,specimen01,1.1885633756812586,8.578984374372071,0.7894127923978624,0.8928557608417801,0.7673247232444771,0.8225798374083974
frames:4,raw,specimen02,1.4520395614959474,13.696523962018707,0.7625126012840253,0.9071041607695661,0.729369539685005,0.8015142707710847
frames:4,raw,specimen03,1.8492665450682608,16.59076985275292,0.6236271525115261,0.873327225470367,0.5838032823388244,0.6752090597050145
frames:4,raw,specimen04,3.2984977465783136,20.741740848269025,0.6596627007441085,0.8604925902530279,0.6438814144259042,0.6796355454318533
frames:4,raw,specimen05,2.683086368739841,20.626927859269845,0.5888183762340983,0.8866487588882753,0.5572562425001844,0.6324247419504949
frames:4,raw,specimen06,2.357584421760792,25.060382459080206,0.706310117805077,0.8603946542621951,0.6544022747753718,0.7691212098389849
frames:4,raw,specimen07,1.8563300511443324,19.304461651468483,0.7102523226076439,0.9011880074471854,0.7007748402195032,0.7311614385137116
frames:4,raw,specimen08,1.7255964110082107,9.914695713710534,0.7270319611282025,0.8817651528369757,0.6824732781122965,0.7783937733196815
frames:4,raw,specimen09,1.950338774022199,15.854437175676793,0.6795314848647207,0.8767461014946406,0.6385560684144714,0.7267592301286182
frames:4,raw,specimen10,2.364817539721321,14.83045660069841,0.43471197617279694,0.8584424839565495,0.48353446022529817,0.4054585255141682
frames:4,raw,specimen11,3.200673651883869,32.49081558223102,0.4261869325541821,0.8560673288499437,0.46821687386119965,0.3963808255029339
frames:4,raw,specimen12,2.2793058408019786,14.703741204675232,0.5722429872384005,0.8770188126811448,0.5775704742397445,0.580353671891398
frames:4,raw,specimen13,3.307741336536052,17.91983796394265,0.482284417147737,0.8384854238133282,0.45247669018833153,0.5232468428652034
frames:4,raw,specimen14,1.9220231301999788,13.505390718604604,0.7308021106072488,0.8642302087252016,0.690690429301013,0.781075384625392
frames:4,cross_sweep_nearest,specimen01,0.9637684415903633,6.50452287985934,0.8052753902090751,0.9228226312524868,0.8234376279783251,0.796320986508107
frames:4,cross_sweep_nearest,specimen02,1.0941994255368963,4.54261824514153,0.7836410655953334,0.9304399828551485,0.7863686248476115,0.7831606871141682
frames:4,cross_sweep_nearest,specimen03,1.4867040810061873,10.571572948997288,0.6359594919194489,0.8967163129562244,0.6270152127841189,0.6497529709984053
frames:4,cross_sweep_nearest,specimen04,2.7605422862848115,12.045286373126538,0.6761297065764945,0.880008738049555,0.6927952211196337,0.6632052205673258
frames:4,cross_sweep_nearest,specimen05,2.425733986837485,19.700595531713855,0.5991365297664307,0.9103208594375438,0.60185695353987,0.6040755399086903
frames:4,cross_sweep_nearest,specimen06,2.0399329713994514,16.027615607005128,0.7353240496185601,0.8844420936558742,0.7152446261255766,0.7583098084275411
frames:4,cross_sweep_nearest,specimen07,1.4927307058746202,10.225201576012397,0.7370152457372239,0.9303421981754857,0.7645383317664693,0.7204393608338918
frames:4,cross_sweep_nearest,specimen08,1.4208444852745643,8.192322666550476,0.7447308471468088,0.910073253383387,0.7358861405577691,0.7543693413823562
frames:4,cross_sweep_nearest,specimen09,1.9259782276480195,13.976235375890987,0.6919816503286705,0.9017314035879419,0.6844573783264515,0.7004537713095672
frames:4,cross_sweep_nearest,specimen10,2.2083207752311234,15.149779656305284,0.4302357183197502,0.8773141141586264,0.5066955677115699,0.38370252137011857
frames:4,cross_sweep_nearest,specimen11,3.120240901553345,27.582644946693545,0.41131095293563585,0.8775913394257704,0.47967824650239993,0.3652379019204151
frames:4,cross_sweep_nearest,specimen12,2.126693038192014,15.616387461758947,0.583655485225303,0.9006545496104069,0.621981914250254,0.5618822862449605
frames:4,cross_sweep_nearest,specimen13,3.2120305273449308,16.636015947359578,0.49115774829570563,0.8569458649652203,0.484728019443875,0.503551606184187
frames:4,cross_sweep_nearest,specimen14,1.776686382584779,13.64346813332969,0.7416071738348361,0.8832654653375948,0.7323518172132047,0.7547425718190265
frames:4,pfad,specimen01,0.8396748008998559,2.809050746206205,0.8021417617087127,0.9207652621728956,0.8194189166840351,0.7934601463833594
frames:4,pfad,specimen02,0.8336877471991038,2.1676559352526557,0.7896637894701647,0.9404411473201947,0.7929404469101163,0.7893749229001367
frames:4,pfad,specimen03,1.1874747625088666,6.10862517683551,0.6431058829655641,0.9081764705916481,0.6355228665903221,0.6546655945792713
frames:4,pfad,specimen04,2.608717867011091,11.662524442188705,0.6798806766386809,0.8887826397279973,0.693773914521231,0.6694037288346246
frames:4,pfad,specimen05,1.8192743582708595,15.620284066241245,0.6122765439220422,0.9215570969305636,0.6190679157491598,0.6130835605400929
frames:4,pfad,specimen06,1.5287603846086515,9.774136368131577,0.7512863108538989,0.8997143604217442,0.7350829500122177,0.7698263139955109
frames:4,pfad,specimen07,1.0222737821416576,3.0891668509278065,0.7531511145620883,0.9445788634730862,0.7854515573688375,0.7321621521612957
frames:4,pfad,specimen08,1.2282056810225952,7.778468528730218,0.7406102004666266,0.9188402932678629,0.7352148577867187,0.7466005482896135
frames:4,pfad,specimen09,1.2432657666223832,8.375088612450678,0.706499461481887,0.9144453373388078,0.6987964843971266,0.7148066831579912
frames:4,pfad,specimen10,1.7479444255893142,9.829631565109684,0.4394011802068419,0.8851530944566665,0.5189984850443422,0.3901553145464063
frames:4,pfad,specimen11,2.3483171870270314,20.944057828056533,0.4247972436542055,0.888176035029986,0.4986479866495106,0.3750404988518731
frames:4,pfad,specimen12,1.7131413186835742,11.719545584467156,0.5863550152851055,0.9086518436319283,0.6232099334872822,0.5643907871249285
frames:4,pfad,specimen13,2.6050237100534495,12.540422321488585,0.5056990480692009,0.8741245369498012,0.502305649981838,0.5153180509522476
frames:4,pfad,specimen14,1.2993057308171296,10.09078426035939,0.7558403252223204,0.899250516393764,0.7531344295752384,0.7621659264097239
frames:4,set_transformer,specimen01,0.8737125712111506,3.0508856834757125,0.8066877377122449,0.9240717426749233,0.8234754768204976,0.7986176693271236
frames:4,set_transformer,specimen02,0.7947141374285739,2.1342869947503895,0.7902579347452613,0.9410095116766719,0.7935767624754999,0.7898737885074163
frames:4,set_transformer,specimen03,1.1846904073788946,6.100749721107967,0.6426554814667104,0.9077823931812871,0.6359902963812347,0.6534859052180129
frames:4,set_transformer,specimen04,2.6142014209986626,11.625194013673578,0.6804816726989159,0.8891455925969959,0.6946122517041191,0.6699097093596519
frames:4,set_transformer,specimen05,1.7840137596686556,15.355850638222257,0.6121720730432626,0.923927156418888,0.6179783102999112,0.6136844397857134
frames:4,set_transformer,specimen06,1.5016532005591188,10.801754363878217,0.7502263348507713,0.9008117564130331,0.7336470485768921,0.7691706405552554
frames:4,set_transformer,specimen07,1.0180296144519916,3.0695714772985263,0.7526577130532125,0.9444347324090168,0.7858726609310095,0.7313001677650797
frames:4,set_transformer,specimen08,1.261998686921473,8.237403890955209,0.7419044155558138,0.9183712028970442,0.735866204093146,0.7485094436834235
frames:4,set_transformer,specimen09,1.2223419918612985,8.092480624766045,0.708031865911666,0.9144028454592377,0.7012455135036225,0.7154315025640766
frames:4,set_transformer,specimen10,1.7478143944722506,9.853488990259272,0.439124626392765,0.8861701691709261,0.5188108077958189,0.3898847009360735
frames:4,set_transformer,specimen11,2.3808756822164656,21.062374829226005,0.42482996649089966,0.8891697873643699,0.49936753079756135,0.374617578665785
frames:4,set_transformer,specimen12,1.7585490555125844,12.682178415645675,0.5868650534397158,0.909798513408786,0.6244949624296356,0.5641801409541992
frames:4,set_transformer,specimen13,2.5445969791636567,12.46523534551176,0.5103829264149994,0.872130449485535,0.5081190320593078,0.5191144442691394
frames:4,set_transformer,specimen14,1.3253463747704417,10.485791285333299,0.7518372071135285,0.9005264396228343,0.7480270096635465,0.759752897342965
pose:0.5,raw,specimen01,1.1825330979184991,8.593603404955783,0.7737903752508517,0.7762155554551023,0.6729155624906885,0.9198701818942481
pose:0.5,raw,specimen02,1.416849788664394,13.67092843800433,0.7690239083138067,0.799657488661015,0.6605663369263856,0.9210996752433734
pose:0.5,raw,specimen03,1.7641718171547163,16.59345491763028,0.6657189691265594,0.7880946733600301,0.5543738818742675,0.846136811347738
pose:0.5,raw,specimen04,3.2235795508189544,20.72210319644476,0.6670583509913594,0.7827217589966203,0.5708606111177945,0.8242570829313892
pose:0.5,raw,specimen05,2.5437512151487027,20.857839530131248,0.6507085666538756,0.8147606949438829,0.5333412563516869,0.8371199767251517
pose:0.5,raw,specimen06,2.276009809514639,25.073957725466173,0.7266260992052097,0.7766170763109578,0.6018488370531055,0.92031990991922
pose:0.5,raw,specimen07,1.783655403599963,20.00600311654089,0.7421346195567978,0.8249175359067845,0.6287038045340526,0.9109737992912823
pose:0.5,raw,specimen08,1.662800406527233,9.960737237198218,0.7268933116188646,0.7983247099844443,0.6091100498874004,0.9122704487443762
pose:0.5,raw,specimen09,1.8871309704467507,14.74674051027714,0.6892034906318215,0.798986265651706,0.5779804679964927,0.8550489124029262
pose:0.5,raw,specimen10,2.1921638613177827,15.123410213207228,0.5367477152857489,0.8115695268881891,0.4744076206370554,0.6230539739912125
pose:0.5,raw,specimen11,3.0313811088556704,32.55384403226458,0.5196440008641602,0.812967539213504,0.4417413859557307,0.6388706348442784
pose:0.5,raw,specimen12,2.19226695333599,14.52921903965008,0.6199379192966488,0.8289211058997793,0.5112171993371387,0.7948563128187734
pose:0.5,raw,specimen13,3.01835177205454,17.95040241949833,0.5268591001119038,0.7819190638268495,0.42191871667993713,0.7039493524033275
pose:0.5,raw,specimen14,1.8671394503461436,13.571213444529084,0.7433990347397788,0.7820652553181837,0.6260224272113643,0.922873308720853
pose:0.5,cross_sweep_nearest,specimen01,0.9523216081026343,6.313966886810924,0.8051838183445517,0.8126947229688674,0.7446695401433715,0.8851703092810372
pose:0.5,cross_sweep_nearest,specimen02,0.998733746359142,4.125471023998804,0.8011609238627136,0.8334270201221102,0.7275424201215303,0.8922098858129006
pose:0.5,cross_sweep_nearest,specimen03,1.380817024514198,12.653713114698538,0.6873037363851769,0.8215445942356417,0.6025499321685786,0.8103587901138632
pose:0.5,cross_sweep_nearest,specimen04,2.628761553664027,12.005768255345236,0.7047766868361082,0.8153322716694701,0.6346640593251451,0.8104326324429018
pose:0.5,cross_sweep_nearest,specimen05,2.2443955049531965,19.534372533370874,0.6750386679168096,0.8481519385545718,0.5844753138613283,0.8012329523547158
pose:0.5,cross_sweep_nearest,specimen06,1.8584800039849902,15.739328875809605,0.7639856447602575,0.8114427896913602,0.6661115637377604,0.8993339816352233
pose:0.5,cross_sweep_nearest,specimen07,1.3744781998178712,9.621567999706874,0.7755355528514644,0.8635260796429233,0.6944026363027826,0.8821542857410346
pose:0.5,cross_sweep_nearest,specimen08,1.3191088637971198,7.904650521909843,0.7617502016927428,0.8359740357750288,0.6727638345244422,0.8864628582958463
pose:0.5,cross_sweep_nearest,specimen09,1.782686037426705,12.876360184207394,0.7180883967058366,0.8399142260175617,0.6355445142872457,0.8260309979369965
pose:0.5,cross_sweep_nearest,specimen10,2.0152677826485705,13.833357365514395,0.5267964089386733,0.8357625472008801,0.49527030732103006,0.5676172711918989
pose:0.5,cross_sweep_nearest,specimen11,2.7840836768334776,26.466061296989338,0.5189624151851603,0.8414122110635912,0.46690523959762514,0.5912149990627804
pose:0.5,cross_sweep_nearest,specimen12,2.0045759840887114,15.212988090229869,0.636245302606573,0.8549562678706374,0.550582692510748,0.7598287043565836
pose:0.5,cross_sweep_nearest,specimen13,2.9976436219256715,16.29910215814367,0.5413404805203536,0.8052973484392876,0.45451627614663287,0.6712130696995796
pose:0.5,cross_sweep_nearest,specimen14,1.6287898541293675,12.486455025037863,0.7684181775337389,0.8089834921736706,0.6790561054714798,0.8918436144328589
pose:0.5,pfad,specimen01,0.8389889832570402,2.6891800864387387,0.8018727712789916,0.8111596547613948,0.7392624328415579,0.883408735529513
pose:0.5,pfad,specimen02,0.802848949572999,2.248311604400282,0.8101966405724488,0.8467808879385473,0.734303055824292,0.9048845910179778
pose:0.5,pfad,specimen03,1.110606800051021,6.1074010771959175,0.6941128900011403,0.8282412557583783,0.6074729663432848,0.8186542624780916
pose:0.5,pfad,specimen04,2.4917198326476337,11.775293233844089,0.7066625903705903,0.8241799507743064,0.6366887967266157,0.8120318789629669
pose:0.5,pfad,specimen05,1.692596701787199,15.803631801312262,0.6872195230060757,0.8577220953571913,0.599271799533864,0.8077158409889562
pose:0.5,pfad,specimen06,1.4155764165901308,11.284981950742832,0.7773183324733851,0.8236298890681616,0.6792490977341533,0.9120733950631478
pose:0.5,pfad,specimen07,0.9131863341932963,2.9147650034896295,0.7916413602689981,0.8731172037112804,0.7103512637509123,0.89770684720565
pose:0.5,pfad,specimen08,1.168959444255327,7.855497240370184,0.7606498379040767,0.8463517609760229,0.6698164100192003,0.8877440774772695
pose:0.5,pfad,specimen09,1.1394505261924124,7.899666771870009,0.7260139109786344,0.8472974905317733,0.6444519627942483,0.8318359329779019
pose:0.5,pfad,specimen10,1.5330782509900025,9.604649735185452,0.5448262642341893,0.8500610327084693,0.5140323563067027,0.5843779165441634
pose:0.5,pfad,specimen11,2.1035083776343284,20.45889293170551,0.5310162734827482,0.8533849782010233,0.48017847141026,0.6008558735770784
pose:0.5,pfad,specimen12,1.6323857225953156,11.41638608609521,0.644987552651001,0.8686946392212126,0.5585332161720341,0.7679297356637602
pose:0.5,pfad,specimen13,2.4640855774945805,12.830880804603273,0.5578828928462037,0.8185272211029374,0.4718346566228086,0.6846561730549618
pose:0.5,pfad,specimen14,1.2294721658067793,10.048000749530667,0.7808716881111999,0.820622996807431,0.6909734089649749,0.9059109784669958
pose:0.5,set_transformer,specimen01,0.8685008141273199,2.909101736830318,0.8052985683086246,0.8131487502610809,0.7420788929120271,0.8879751600180383
pose:0.5,set_transformer,specimen02,0.7684283343673503,2.1540892181956757,0.81284282837998,0.8484744709895096,0.7379407708757744,0.9058595403983843
pose:0.5,set_transformer,specimen03,1.1126819185000647,6.116636299462978,0.6926797251562501,0.8275483590106791,0.607062416276587,0.8158063852560685
pose:0.5,set_transformer,specimen04,2.513826361840269,11.788453635994214,0.706074709951605,0.8241176230055443,0.6358149168056556,0.8119925073106261
pose:0.5,set_transformer,specimen05,1.662413129245678,15.653445357526067,0.6882995911019871,0.8607142174101657,0.598829661213596,0.8111229982152315
pose:0.5,set_transformer,specimen06,1.3987917465602078,9.986354206591166,0.7798123567021618,0.8243923747429811,0.6815935340875762,0.9146274587795705
pose:0.5,set_transformer,specimen07,0.9172028044217478,3.1066140813901195,0.7922187783781918,0.8728244849471967,0.711570265935939,0.8974748717606627
pose:0.5,set_transformer,specimen08,1.2089900876616786,8.275751995783711,0.7587365441654493,0.8435326031002459,0.6691576353215535,0.8839793016755643
pose:0.5,set_transformer,specimen09,1.1334640950350667,7.684285263191097,0.7249867295609048,0.8476423218454827,0.6433858197467549,0.8308895085091232
pose:0.5,set_transformer,specimen10,1.5523121234397568,9.748338176831522,0.5437199070298037,0.8497540931156048,0.5129495573800825,0.5831663805277306
pose:0.5,set_transformer,specimen11,2.1207751970635096,20.76126869055504,0.5322179334931021,0.8548951600905115,0.48150531581461653,0.6020237523086044
pose:0.5,set_transformer,specimen12,1.6773255404604077,12.205261922585649,0.6427976233822122,0.8674363723993376,0.5564320750385656,0.7657079313298719
pose:0.5,set_transformer,specimen13,2.372980236774901,12.660715340945723,0.5608627588377328,0.8177877508206373,0.4745961927010773,0.6878501344429669
pose:0.5,set_transformer,specimen14,1.2675167756803045,10.310165233508053,0.7776557236482926,0.8209538382009299,0.6888071761304465,0.9006450141252129
pose:1.0,raw,specimen01,1.3906564523167377,8.992905334499655,0.6336809821228878,0.761525324414018,0.5181636092898657,0.842734990142005
pose:1.0,raw,specimen02,1.6030954314369525,13.708716058803368,0.6516249086932767,0.7799038614913348,0.5270665987778155,0.8598327887128576
pose:1.0,raw,specimen03,1.893868389853199,16.682290939834303,0.590558898241794,0.7664326783803763,0.4725304581045735,0.8100719052298619
pose:1.0,raw,specimen04,3.4240417457591317,20.9028403339995,0.5523794813145643,0.7596657826471381,0.44297774218662345,0.7465793917947051
pose:1.0,raw,specimen05,2.6783469685292367,21.242114535616917,0.5886847729381935,0.7885134386778484,0.46368604729969776,0.8104919554062601
pose:1.0,raw,specimen06,2.418975409229603,25.059102571864543,0.6317726839905492,0.7511260246956928,0.4950017629496086,0.8762815859963031
pose:1.0,raw,specimen07,1.960339829688767,20.10087687951558,0.6213002798987519,0.7959661974891471,0.5049053725474321,0.8149904152251795
pose:1.0,raw,specimen08,1.8222728163962945,10.258168834436306,0.6233014297284281,0.7750991449841439,0.5061744696377143,0.8224862872164783
pose:1.0,raw,specimen09,2.0517738631532807,14.955327311245005,0.5868835368238642,0.7797796989624298,0.47361904388986725,0.7770305390190636
pose:1.0,raw,specimen10,2.266467634389587,15.510472803754832,0.5126226408724833,0.7849082162984895,0.4394358118341306,0.6248291542501274
pose:1.0,raw,specimen11,3.1651395152823416,32.66511599041784,0.4633498742494608,0.7838358626171115,0.3827485547776052,0.5981006211250923
pose:1.0,raw,specimen12,2.3791176147347444,14.978530756462064,0.5244854438150303,0.8017621138228961,0.4192154779504083,0.7099791333671671
pose:1.0,raw,specimen13,3.129589884830788,18.13628834645025,0.4728262903100558,0.7647547780350812,0.36919390238209937,0.6641764298374745
pose:1.0,raw,specimen14,2.0410964500284936,13.767373740039043,0.631220021434324,0.7602748712282866,0.5075115745265438,0.8386045826555568
pose:1.0,cross_sweep_nearest,specimen01,1.157447828164172,6.705308963763763,0.6661894946853651,0.7814413100410085,0.5740916732240867,0.819569726729941
pose:1.0,cross_sweep_nearest,specimen02,1.1734287614685115,4.830859446529954,0.6913077599524852,0.8004525455270913,0.5864229596895365,0.8468325169375386
pose:1.0,cross_sweep_nearest,specimen03,1.5101346031674199,12.968197344386596,0.6213019012200443,0.7898547682356424,0.5218643192573654,0.7873445053126013
pose:1.0,cross_sweep_nearest,specimen04,2.8108370277564965,12.748891424279458,0.5952551561229003,0.7819181396221583,0.5021507145553531,0.7426942750458266
pose:1.0,cross_sweep_nearest,specimen05,2.3243345061731304,19.587012228729165,0.6222861368194175,0.8138421965849011,0.5161536494472977,0.786677884757478
pose:1.0,cross_sweep_nearest,specimen06,1.961908807919267,15.512173562697077,0.6763066810027815,0.7742477125581732,0.5560125186541404,0.8664540701752889
pose:1.0,cross_sweep_nearest,specimen07,1.5074157748951802,9.79528674453767,0.6604096578395686,0.8274891603309088,0.5666901193748602,0.7970443722176177
pose:1.0,cross_sweep_nearest,specimen08,1.4616716792722724,8.196221527716775,0.666261914331379,0.8024042318055908,0.5679859365326709,0.8192295287374648
pose:1.0,cross_sweep_nearest,specimen09,1.9199534778635396,13.025173226718536,0.6233931149657019,0.8092780713130403,0.5308203939144888,0.7597954610397822
pose:1.0,cross_sweep_nearest,specimen10,2.0640621356565902,13.935922307721517,0.5098956279119439,0.807239936288504,0.4620623053955806,0.5785245396210114
pose:1.0,cross_sweep_nearest,specimen11,2.9033024949553785,26.846579300584562,0.47027991416075093,0.8051216487908083,0.40662876354155525,0.5697881392972332
pose:1.0,cross_sweep_nearest,specimen12,2.225255923734012,15.614311440276019,0.5382354308784904,0.8249040638494586,0.4491855343732531,0.6784688412508789
pose:1.0,cross_sweep_nearest,specimen13,3.077761132059185,16.213512554217093,0.4924097253057586,0.7867403775316061,0.40170047908120066,0.6408809569504994
pose:1.0,cross_sweep_nearest,specimen14,1.728277788505098,12.468050371982036,0.6639164470175634,0.7809332659196423,0.5573226370241499,0.8241888658314261
pose:1.0,pfad,specimen01,1.040613464827404,3.283363326384278,0.6624420965688049,0.7841173192436023,0.5702772378801791,0.8127452500498782
pose:1.0,pfad,specimen02,1.0213899415749277,3.0880814083204395,0.6957998974083109,0.8123179714124169,0.5908173541468718,0.8516453886953625
pose:1.0,pfad,specimen03,1.2416923068372157,6.3638794360116755,0.6231970840563075,0.7989546714424912,0.5231478379850647,0.7894503793583915
pose:1.0,pfad,specimen04,2.687263542256172,12.568441380996608,0.5935254566965038,0.7913885959246868,0.5027849908558332,0.7365534166000791
pose:1.0,pfad,specimen05,1.841286515341085,16.216885076119194,0.6317704212600851,0.8210374914166888,0.5278935005699975,0.7899057275014477
pose:1.0,pfad,specimen06,1.6063079425815576,11.393140640233623,0.6836240483825607,0.7849980950777411,0.5627986982405377,0.8736069804922844
pose:1.0,pfad,specimen07,1.1036903436724315,3.6762469555630255,0.6692826036319296,0.8363763295054066,0.5757952186930734,0.805007329401774
pose:1.0,pfad,specimen08,1.3121067344384494,8.001482217416065,0.6620817354402598,0.8122694298068147,0.5624170772293178,0.8173270066438412
pose:1.0,pfad,specimen09,1.308432294752322,8.217826863943708,0.6247196225502288,0.8190618337470683,0.5314786741727356,0.7621812228215988
pose:1.0,pfad,specimen10,1.6068965262671482,9.841400952027145,0.5250213478510233,0.8192769923544585,0.47746804973844387,0.5929459981846842
pose:1.0,pfad,specimen11,2.195234780396844,20.480866383922017,0.4805230514149181,0.8193459105671099,0.41805640728865084,0.576561599879076
pose:1.0,pfad,specimen12,1.8310650375474793,12.10292468380373,0.5431042550373523,0.8402326995814625,0.4545672263353057,0.6807242695091876
pose:1.0,pfad,specimen13,2.581277872993683,12.94086438804465,0.5051816895572664,0.7971672360008121,0.41605339777065087,0.6488968170954102
pose:1.0,pfad,specimen14,1.4003227581458286,10.428382741109841,0.6679285889675893,0.7911057596227757,0.5611894148336728,0.8287048961732398
pose:1.0,set_transformer,specimen01,1.0780526711480911,3.537226008128427,0.6651707972103987,0.7850213139292475,0.5720206449262751,0.8182692407159086
pose:1.0,set_transformer,specimen02,0.9825349860463114,2.9334413156665398,0.6990500814446428,0.8124872942618979,0.5948185074463971,0.8527880719125419
pose:1.0,set_transformer,specimen03,1.2576791692260885,6.464044574628148,0.623442968515559,0.7973703782150734,0.5237284503021616,0.7886824677813826
pose:1.0,set_transformer,specimen04,2.7292174317244178,12.602349486646945,0.5920319076987602,0.7900563168398683,0.501642126765301,0.7348624269946978
pose:1.0,set_transformer,specimen05,1.8192318525419653,16.416738885080452,0.6329671853462445,0.8228289131739198,0.5283334280496428,0.792437512068877
pose:1.0,set_transformer,specimen06,1.572389352355006,10.63524047606177,0.6852773569804338,0.7858332115205252,0.5642843956764128,0.875342399453754
pose:1.0,set_transformer,specimen07,1.109548532581816,3.86149299035822,0.6695729272286278,0.8341328461060207,0.5762251806147752,0.8050968638324855
pose:1.0,set_transformer,specimen08,1.333994938808497,8.21207733356472,0.6606535834481669,0.8107204874468167,0.5619633751587377,0.8142638755969469
pose:1.0,set_transformer,specimen09,1.3106293848081492,8.110430153302334,0.6244520668507145,0.8186441331942769,0.531086534085959,0.7621363839949434
pose:1.0,set_transformer,specimen10,1.6175837059224751,10.014110797002502,0.5266007281712249,0.8178821886767916,0.4795056293546785,0.5938353490708744
pose:1.0,set_transformer,specimen11,2.229777665791949,20.948174403520927,0.4806016058443259,0.8178350438696409,0.4186960258368512,0.5757368228186412
pose:1.0,set_transformer,specimen12,1.8621452181676255,12.540077484796583,0.54193515323439,0.8387181070578721,0.45347460232346787,0.6794239535133184
pose:1.0,set_transformer,specimen13,2.488068769301336,12.802091558600827,0.5088086050143906,0.796536098328454,0.41888359699841066,0.6539242662605237
pose:1.0,set_transformer,specimen14,1.4423050556957187,10.709246734259473,0.6657757541650042,0.7917906095316374,0.5605657215278895,0.8232793095245721
pose:2.0,raw,specimen01,1.880345967979066,10.054743289343058,0.4301936911371386,0.7627246975306955,0.3365564623837372,0.64037385415492
pose:2.0,raw,specimen02,2.047736026293553,13.852840646551682,0.4496388118021228,0.7677029357889863,0.33888236190763205,0.6869421738820063
pose:2.0,raw,specimen03,2.2582012366210344,17.0433285816087,0.4534609155182994,0.7522664267512528,0.3439344950071807,0.6921104080756767
pose:2.0,raw,specimen04,3.8974053501416654,21.395461032616186,0.35750397597760974,0.7375805371986064,0.2682296525194274,0.5436413867071691
pose:2.0,raw,specimen05,3.091955406582245,22.27079578802042,0.42502448824368283,0.7860221543823663,0.3121395293951719,0.6718766574569176
pose:2.0,raw,specimen06,2.791685923304445,25.098819551787273,0.44854064251008713,0.750816402491208,0.32424675670627057,0.7299892492172569
pose:2.0,raw,specimen07,2.378943277777228,20.380908938943076,0.4529655167222158,0.7850395114495022,0.34882730024434383,0.6583108654783248
pose:2.0,raw,specimen08,2.235010282386171,11.2094873055184,0.4524156464583129,0.7629918243812762,0.34352196862383183,0.6696734529066276
pose:2.0,raw,specimen09,2.461609539069332,15.524116161465983,0.4317182832844091,0.7710884064160878,0.3315691587935459,0.6285829760196603
pose:2.0,raw,specimen10,2.5555693031656923,16.39915384366557,0.41363312216293413,0.7747317563143734,0.3438132619634265,0.5311331633606203
pose:2.0,raw,specimen11,3.589011151061421,32.93884454132011,0.3384017634578291,0.7652293140100511,0.27293183996100306,0.45567822514631534
pose:2.0,raw,specimen12,2.8184557765482814,16.189246815410822,0.358279773379099,0.783959749940157,0.2737392221303047,0.532457697037974
pose:2.0,raw,specimen13,3.4752446656124274,18.858698118525545,0.36269376210662224,0.7447082496311825,0.27836632583406185,0.5356882454416801
pose:2.0,raw,specimen14,2.4577742127253783,14.727146670205052,0.45150896305969807,0.7518761207981894,0.3406840277160859,0.6721887087980004
pose:2.0,cross_sweep_nearest,specimen01,1.646154141246545,7.919043155181875,0.456858020068492,0.7745786246182472,0.37305367977770293,0.6331084301877921
pose:2.0,cross_sweep_nearest,specimen02,1.6361816005819334,6.458793044241035,0.48037184145643197,0.7791415730907228,0.37687608459984734,0.6790430819300829
pose:2.0,cross_sweep_nearest,specimen03,1.873177553095303,13.528521542599883,0.48496810495264997,0.7644755401133861,0.38339111934756126,0.6850707424477006
pose:2.0,cross_sweep_nearest,specimen04,3.287200571769214,14.569998544547104,0.3879260010954047,0.7488345785441671,0.302917466767409,0.5479033488425274
pose:2.0,cross_sweep_nearest,specimen05,2.6923260779958587,20.303976502932148,0.4625330508154823,0.7976722318785002,0.3549062712057229,0.6701162845746297
pose:2.0,cross_sweep_nearest,specimen06,2.3393145003920757,15.704217206726105,0.4831388405723387,0.7593731590014942,0.3619026204819205,0.7292587106251602
pose:2.0,cross_sweep_nearest,specimen07,1.9259063085422963,10.479397915052552,0.48803392924640837,0.8008827998625724,0.39330639093035374,0.6554918094772727
pose:2.0,cross_sweep_nearest,specimen08,1.8857853652819276,9.139702819217687,0.4844756963918966,0.7783061736610056,0.384521236983941,0.6620275390651243
pose:2.0,cross_sweep_nearest,specimen09,2.3539426791511002,13.863888568240545,0.4543335988876534,0.78971232616611,0.366634665216806,0.6075778573716629
pose:2.0,cross_sweep_nearest,specimen10,2.2855190443132294,14.62568527051162,0.44032801440966135,0.7886476749202059,0.3828969085826532,0.5315827156758913
pose:2.0,cross_sweep_nearest,specimen11,3.2796047857109145,27.96517219754747,0.3517189305815196,0.7759336298989524,0.29424339648335146,0.4485403791523385
pose:2.0,cross_sweep_nearest,specimen12,2.697156428915541,16.60466190384076,0.37129211470642565,0.7981942533973946,0.2902917424309463,0.5277231984522555
pose:2.0,cross_sweep_nearest,specimen13,3.3679435715267894,16.371894653411918,0.3795593829306059,0.7590743588919309,0.3001744143487699,0.5274398742978156
pose:2.0,cross_sweep_nearest,specimen14,2.1152639703553473,13.203166629028303,0.48026340118550975,0.762912556117182,0.3751328939204597,0.6693714278521191
pose:2.0,pfad,specimen01,1.53352106051924,5.12010748161262,0.4533158873718883,0.7789570150053193,0.3699460269274113,0.6236314476865896
pose:2.0,pfad,specimen02,1.4938472672191683,5.081198733415808,0.48002297185920545,0.7897720723728708,0.377729010937431,0.6762502507470232
pose:2.0,pfad,specimen03,1.6303052047716475,7.273273533024688,0.48541085005576085,0.774401350886626,0.38437809798709505,0.6839294438262837
pose:2.0,pfad,specimen04,3.1817374429196836,14.429307998530838,0.3873993477791157,0.7555528750145847,0.30357676021403285,0.5438143567907593
pose:2.0,pfad,specimen05,2.269769031288097,17.219414594049667,0.4670202734092757,0.8007834169893147,0.36030554465881415,0.6691043886120722
pose:2.0,pfad,specimen06,2.0451441454636896,11.379677280400964,0.48539382126706365,0.770468366130889,0.3639392933797865,0.7313560028722449
pose:2.0,pfad,specimen07,1.5517582064799365,5.083998180337804,0.4905027909103015,0.8106327712265496,0.3959432609868629,0.6568448366378313
pose:2.0,pfad,specimen08,1.7336192884135866,8.768781984046099,0.4805898937924879,0.7869990942390829,0.38106715055407275,0.6572642817516144
pose:2.0,pfad,specimen09,1.7386798965992731,9.087003438975474,0.45371759174768606,0.8034232735695594,0.3651026506766051,0.6094940031740298
pose:2.0,pfad,specimen10,1.8961150840245782,10.72817422423248,0.44002205771977526,0.7981088076838301,0.384415806234367,0.5282091644544878
pose:2.0,pfad,specimen11,2.592522337393616,19.995726454650487,0.3551229262130739,0.78958327450583,0.2989736966036578,0.44856680134934274
pose:2.0,pfad,specimen12,2.2847837308731953,13.456371368740518,0.37598810447563363,0.8071185577510679,0.2960639928903433,0.5264637277483127
pose:2.0,pfad,specimen13,2.8984369451616874,13.476215869066463,0.3885159101202529,0.7699018163402033,0.31127098488168065,0.5302014375848326
pose:2.0,pfad,specimen14,1.8355507007912433,11.489584325287593,0.47680079249545965,0.7710525064597936,0.37282510781645256,0.6640172180915259
pose:2.0,set_transformer,specimen01,1.5486856300908827,5.204846154577379,0.4541132770349782,0.7776538137314527,0.3706986192414831,0.6255525540070831
pose:2.0,set_transformer,specimen02,1.4798155806414914,5.022044140894359,0.4837677825995925,0.7880846555520962,0.38174364272257216,0.6777958752340526
pose:2.0,set_transformer,specimen03,1.6566127818629495,7.552199434273177,0.4857341901657031,0.7726251135418744,0.3852338365340467,0.6826614917092627
pose:2.0,set_transformer,specimen04,3.2454133257934576,14.465823040271324,0.3852462348314462,0.753723263968766,0.3019645152983976,0.5409114581915295
pose:2.0,set_transformer,specimen05,2.338226143994253,18.502923156614525,0.4674371124960508,0.7991293864931176,0.36067485885978995,0.6696319900584564
pose:2.0,set_transformer,specimen06,2.0449029168440447,12.856059396318665,0.48407602677727174,0.769844299288629,0.36286314511000345,0.7294068304876385
pose:2.0,set_transformer,specimen07,1.5557108370488872,5.089194012099689,0.4886932229255139,0.8092309145257707,0.3946202800070111,0.6541635474559354
pose:2.0,set_transformer,specimen08,1.7392074095595917,8.742162177935905,0.48090058869561253,0.7854323300322473,0.38106067110721464,0.6582935015478525
pose:2.0,set_transformer,specimen09,1.7664182773189652,9.19994231563732,0.4540949233533251,0.8003943580591514,0.3656722064725702,0.6095602654227132
pose:2.0,set_transformer,specimen10,1.9239883704616572,11.152634258379871,0.44530989366655943,0.7948322083786125,0.3896940415570859,0.5328719334056352
pose:2.0,set_transformer,specimen11,2.648569858398792,21.387375924205994,0.3538511483867975,0.7868765465398612,0.2984384527540393,0.446307732887176
pose:2.0,set_transformer,specimen12,2.281988334276845,13.169972548799265,0.37549511288747084,0.809755793181119,0.2957591862993228,0.5253417074740937
pose:2.0,set_transformer,specimen13,2.806198198046991,13.242787990375883,0.3912150925370746,0.7700687960389035,0.3131781565125238,0.5344848650648271
pose:2.0,set_transformer,specimen14,1.8732065637165671,11.728761914426187,0.4770033512692551,0.7712107561962173,0.37410045634550837,0.6607572474553676
